"cama_id","variedad","fecha_siembra","fecha_corte_proyectada","dias_faltantes","gdc_meta","gdc_acumulado","porcentaje_madurez","tallos_totales","rendimiento_planta","probabilidad_calidad","diagnostico_calidad","alerta_temprana"
"CAMA-001","ACHILLEA","2024-06-17","2024-09-30",0,1016.6,1065.39,100,26044,2.47,0.9655,"EXPORTABLE","Evaluación histórica / finalizada"
"CAMA-057","ACHILLEA","2025-09-08","2025-12-22",0,1016.6,978.6,96.3,6168,1.06,0.9981,"EXPORTABLE","Evaluación histórica / finalizada"
"CAMA-058","ACHILLEA","2025-09-15","2025-12-29",0,1016.6,966.92,95.1,6037,0.92,0.9964,"EXPORTABLE","Evaluación histórica / finalizada"
"CAMA-117","AGERATHUM","2025-09-15","2025-12-15",0,883.5,843.33,95.5,13338,3.54,0.9842,"EXPORTABLE","Evaluación histórica / finalizada"
"CAMA-118","AGERATHUM","2025-09-22","2025-12-22",0,883.5,841.14,95.2,14439,3.41,0.9855,"EXPORTABLE","Evaluación histórica / finalizada"
"CAMA-119","AGERATHUM","2025-09-29","2025-12-29",0,883.5,831.46,94.1,15181,3.39,0.9922,"EXPORTABLE","Evaluación histórica / finalizada"
"CAMA-120","AMMI MAJUS","2024-06-17","2024-09-30",0,1003.4,1065.39,100,4292,2.58,0.9817,"EXPORTABLE","Evaluación histórica / finalizada"
"CAMA-194","AMMI MAJUS","2025-09-15","2025-12-29",0,1003.4,966.92,96.4,14469,1.71,0.8644,"EXPORTABLE","Evaluación histórica / finalizada"
"CAMA-195","ASTEE","2024-06-17","2024-10-21",0,1220.9,1267.28,100,24863,1.88,0.9067,"EXPORTABLE","Evaluación histórica / finalizada"
"CAMA-248","ASTEE","2025-08-25","2025-12-29",0,1220.9,1176.32,96.3,12800,1.04,0.9703,"EXPORTABLE","Evaluación histórica / finalizada"
"CAMA-249","BUPLEURUM","2024-06-17","2024-09-02",0,765.9,770.25,100,12934,0.94,0.8704,"EXPORTABLE","Evaluación histórica / finalizada"
"CAMA-250","BUPLEURUM","2024-06-24","2024-09-09",0,765.9,781.73,100,15455,0.89,0.8858,"EXPORTABLE","Evaluación histórica / finalizada"
"CAMA-274","BUPLEURUM","2025-02-03","2025-04-21",0,765.9,716.58,93.6,32275,0.53,0.6739,"RIESGO_MERMA","Evaluación histórica / finalizada"
"CAMA-275","BUPLEURUM","2025-02-10","2025-04-28",0,765.9,715.96,93.5,26032,0.63,0.6204,"RIESGO_MERMA","Evaluación histórica / finalizada"
"CAMA-276","CHRYSANTHEMUMS SPRAY","2025-02-17","2025-05-05",0,745.4,718.91,96.4,7253,0.68,0.9318,"EXPORTABLE","Evaluación histórica / finalizada"
"CAMA-463","DIANTHUS","2025-09-08","2025-12-22",0,941,978.6,100,26859,2.37,0.6318,"RIESGO_MERMA","Evaluación histórica / finalizada"
"CAMA-464","DIANTHUS","2025-09-15","2025-12-29",0,941,966.92,100,26188,2.29,0.7085,"RIESGO_MERMA","Evaluación histórica / finalizada"
"CAMA-465","GYPSOPHILA","2024-07-15","2024-10-28",0,1012.8,1071.84,100,39114,2.71,0.9951,"EXPORTABLE","Evaluación histórica / finalizada"
"CAMA-466","GYPSOPHILA","2024-07-22","2024-11-04",0,1012.8,1065.87,100,23084,3.65,0.9969,"EXPORTABLE","Evaluación histórica / finalizada"
"CAMA-509","GYPSOPHILA","2025-07-14","2025-10-27",0,1012.8,1011.47,99.9,21888,2.6,0.995,"EXPORTABLE","Evaluación histórica / finalizada"
"CAMA-519","HEBE","2024-07-01","2025-01-06",0,1757.7,1853.34,100,51073,5.47,0.9031,"EXPORTABLE","Evaluación histórica / finalizada"
"CAMA-520","HEBE","2024-07-08","2025-01-13",0,1757.7,1851.58,100,50194,5.53,0.8835,"EXPORTABLE","Evaluación histórica / finalizada"
"CAMA-563","HEBE","2025-06-30","2025-12-29",0,1757.7,1708.2,97.2,37868,5.86,0.8863,"EXPORTABLE","Evaluación histórica / finalizada"
"CAMA-564","HELICHRYSUM","2024-06-17","2024-09-30",0,1017.9,1065.39,100,16414,1.79,0.2047,"RIESGO_MERMA","Evaluación histórica / finalizada"
"CAMA-565","HELICHRYSUM","2024-07-01","2024-10-14",0,1017.9,1068.52,100,14285,1.98,0.0791,"RIESGO_MERMA","Evaluación histórica / finalizada"
"CAMA-593","HELICHRYSUM","2025-09-08","2025-12-22",0,1017.9,978.6,96.1,16170,1.45,0.0644,"RIESGO_MERMA","Evaluación histórica / finalizada"
"CAMA-594","KALE","2024-06-17","2024-09-23",0,950.3,998.54,100,13053,0.62,0.9899,"EXPORTABLE","Evaluación histórica / finalizada"
"CAMA-652","KALE","2025-09-15","2025-12-22",0,950.3,905.89,95.3,5097,0.37,0.9113,"EXPORTABLE","Evaluación histórica / finalizada"
"CAMA-653","KALE","2025-09-22","2025-12-29",0,950.3,902.17,94.9,5038,0.35,0.9371,"EXPORTABLE","Evaluación histórica / finalizada"
"CAMA-654","SENECIO CINERARIA","2024-06-10","2024-11-04",0,1422.5,1470.11,100,58518,4.84,0.9458,"EXPORTABLE","Evaluación histórica / finalizada"
"CAMA-706","SENECIO CINERARIA","2025-07-28","2025-12-22",0,1422.5,1375.67,96.7,67235,4.89,0.8199,"EXPORTABLE","Evaluación histórica / finalizada"
"CAMA-707","SENECIO CINERARIA","2025-08-04","2025-12-29",0,1422.5,1367,96.1,66995,4.89,0.8626,"EXPORTABLE","Evaluación histórica / finalizada"
"CAMA-708","SOLIDAGO","2024-06-24","2024-09-23",0,883.1,932.72,100,18992,1.66,0.8497,"EXPORTABLE","Evaluación histórica / finalizada"
"CAMA-765","SOLIDAGO","2025-09-15","2025-12-15",0,883.1,843.33,95.5,10480,1.02,0.7247,"RIESGO_MERMA","Evaluación histórica / finalizada"
"CAMA-766","SOLIDAGO","2025-09-22","2025-12-22",0,883.1,841.14,95.2,12349,1.34,0.3768,"RIESGO_MERMA","Evaluación histórica / finalizada"
"CAMA-836","SUNFLOWER","2024-06-10","2024-08-05",0,548.7,560.08,100,10282,0.63,0.8409,"EXPORTABLE","Evaluación histórica / finalizada"
"CAMA-903","TRACHELIUM","2024-07-15","2024-10-14",0,879.7,932.69,100,4419,0.89,0.9767,"EXPORTABLE","Evaluación histórica / finalizada"
"CAMA-958","VERONICA","2024-09-16","2025-01-27",0,1206.2,1254.22,100,24000,2.29,0.5912,"RIESGO_MERMA","Evaluación histórica / finalizada"
"CAMA-959","VERONICA","2024-10-14","2025-02-24",0,1206.2,1233.44,100,6799,2.21,0.5911,"RIESGO_MERMA","Evaluación histórica / finalizada"
"CAMA-960","TRACHELIUM","2024-07-15","2025-03-03",0,879.7,2219.49,100,2760,8.96,0.7676,"EXPORTABLE","Evaluación histórica / finalizada"
